{"cameraMode":{"drawMode":0,"name":"Shaded","section":"Shading Mode"},"sceneLighting":true,"audioPlay":false,"sceneViewState":{"m_AlwaysRefresh":false,"showFog":true,"showSkybox":true,"showFlares":true,"showImageEffects":true,"showParticleSystems":true,"showVisualEffectGraphs":true,"m_FxEnabled":true},"in2DMode":false,"pivot":{"x":-0.9547366499900818,"y":5.154041767120361,"z":1.3657582998275757},"rotation":{"x":-0.06325989961624146,"y":0.8026647567749023,"z":-0.08618143200874329,"w":-0.5869624614715576},"size":0.04790809005498886,"orthographic":false}