{"cameraMode":{"drawMode":0,"name":"Shaded","section":"Shading Mode"},"sceneLighting":true,"audioPlay":false,"sceneViewState":{"m_AlwaysRefresh":false,"showFog":true,"showSkybox":true,"showFlares":true,"showImageEffects":true,"showParticleSystems":true,"showVisualEffectGraphs":true,"m_FxEnabled":true},"in2DMode":false,"pivot":{"x":-25.640609741210939,"y":21.963977813720704,"z":-45.288944244384769},"rotation":{"x":0.2689129114151001,"y":0.054232433438301089,"z":-0.015269431285560131,"w":0.9615662097930908},"size":0.03858104348182678,"orthographic":false}