{"cameraMode":{"drawMode":0,"name":"Shaded","section":"Shading Mode"},"sceneLighting":true,"audioPlay":false,"sceneViewState":{"m_AlwaysRefresh":false,"showFog":true,"showSkybox":true,"showFlares":true,"showImageEffects":true,"showParticleSystems":true,"showVisualEffectGraphs":true,"m_FxEnabled":true},"in2DMode":false,"pivot":{"x":-6.43897008895874,"y":1.0920122861862183,"z":6.673208236694336},"rotation":{"x":0.07312759757041931,"y":0.17884668707847596,"z":-0.013330357149243355,"w":0.9810736179351807},"size":6.0895609855651859,"orthographic":false}