{"cameraMode":{"drawMode":0,"name":"Shaded","section":"Shading Mode"},"sceneLighting":true,"audioPlay":false,"sceneViewState":{"m_AlwaysRefresh":false,"showFog":true,"showSkybox":true,"showFlares":true,"showImageEffects":true,"showParticleSystems":true,"showVisualEffectGraphs":true,"m_FxEnabled":true},"in2DMode":false,"pivot":{"x":-18.014232635498048,"y":5.049759864807129,"z":7.089939117431641},"rotation":{"x":-0.0025823742616921665,"y":0.9968509674072266,"z":-0.032293956726789477,"w":-0.07363636046648026},"size":0.033332109451293948,"orthographic":false}