{"cameraMode":{"drawMode":0,"name":"Shaded","section":"Shading Mode"},"sceneLighting":true,"audioPlay":false,"sceneViewState":{"m_AlwaysRefresh":false,"showFog":true,"showSkybox":true,"showFlares":true,"showImageEffects":true,"showParticleSystems":true,"showVisualEffectGraphs":true,"m_FxEnabled":true},"in2DMode":false,"pivot":{"x":-8.85446548461914,"y":4.251475811004639,"z":-2.5176258087158205},"rotation":{"x":-0.10253705084323883,"y":-0.05937356501817703,"z":0.006131351925432682,"w":-0.9929467439651489},"size":0.01227195467799902,"orthographic":false}